Species Name,Kingdom,Phylum,Class,Order,Family,Genus,Species
Abortiporus biennis,Fungi,Basidiomycota,Agaricomycetes,Polyporales,Podoscyphaceae,Abortiporus,Abortiporus biennis
Agaricus arorae,Fungi,Basidiomycota,Agaricomycetes,Agaricales,Agaricaceae,Agaricus,Agaricus arorae
Agaricus arvensis,Fungi,Basidiomycota,Agaricomycetes,Agaricales,Agaricaceae,Agaricus,Agaricus arvensis
Agaricus augustus,Fungi,Basidiomycota,Agaricomycetes,Agaricales,Agaricaceae,Agaricus,Agaricus augustus
Agaricus bernardii,Fungi,Basidiomycota,Agaricomycetes,Agaricales,Agaricaceae,Agaricus,Agaricus bernardii
Agaricus bisporus,Fungi,Basidiomycota,Agaricomycetes,Agaricales,Agaricaceae,Agaricus,Agaricus bisporus
Agaricus californicus,Fungi,Basidiomycota,Agaricomycetes,Agaricales,Agaricaceae,Agaricus,Agaricus californicus
Agaricus calyptrodermus,Fungi,Basidiomycota,Agaricomycetes,Agaricales,Agaricaceae,Agaricus,
Agaricus campestris,Fungi,Basidiomycota,Agaricomycetes,Agaricales,Agaricaceae,Agaricus,Agaricus campestris
Agaricus hondensis,Fungi,Basidiomycota,Agaricomycetes,Agaricales,Agaricaceae,Agaricus,Agaricus hondensis
Agaricus meleagris,Fungi,Basidiomycota,Agaricomycetes,Agaricales,Agaricaceae,Agaricus,Agaricus meleagris
Agaricus moelleri,Fungi,Basidiomycota,Agaricomycetes,Agaricales,Agaricaceae,Agaricus,Agaricus moelleri
Agaricus perobscurus,Fungi,Basidiomycota,Agaricomycetes,Agaricales,Agaricaceae,Agaricus,Agaricus perobscurus
Agaricus placomyces,Fungi,Basidiomycota,Agaricomycetes,Agaricales,Agaricaceae,Agaricus,Agaricus placomyces
Agaricus praeclaresquamosus,Fungi,Basidiomycota,Agaricomycetes,Agaricales,Agaricaceae,Agaricus,Agaricus moelleri
Agaricus silvicola,Fungi,Basidiomycota,Agaricomycetes,Agaricales,Agaricaceae,Agaricus,Agaricus sylvicola
Agaricus subrufescens,Fungi,Basidiomycota,Agaricomycetes,Agaricales,Agaricaceae,Agaricus,Agaricus subrufescens
Agaricus subrutilescens,Fungi,Basidiomycota,Agaricomycetes,Agaricales,Agaricaceae,Agaricus,Agaricus subrutilescens
Agaricus xanthodermus,Fungi,Basidiomycota,Agaricomycetes,Agaricales,Agaricaceae,Agaricus,Agaricus xanthodermus
Agrocybe dura,Fungi,Basidiomycota,Agaricomycetes,Agaricales,Strophariaceae,Agrocybe,Agrocybe dura
Agrocybe pediades,Fungi,Basidiomycota,Agaricomycetes,Agaricales,Strophariaceae,Agrocybe,Agrocybe pediades
Agrocybe praecox,Fungi,Basidiomycota,Agaricomycetes,Agaricales,Strophariaceae,Agrocybe,Agrocybe praecox
Agrocybe smithii,Fungi,Basidiomycota,Agaricomycetes,Agaricales,Strophariaceae,Agrocybe,Agrocybe smithii
Albatrellus ovinus (sheep polypore),Fungi,Basidiomycota,Agaricomycetes,Russulales,Albatrellaceae,Albatrellus,Albatrellus ovinus
Amanita abrupta,Fungi,Basidiomycota,Agaricomycetes,Agaricales,Amanitaceae,Amanita,Amanita abrupta
Amanita albocreata,Fungi,Basidiomycota,Agaricomycetes,Agaricales,Amanitaceae,Amanita,Amanita albocreata
Amanita amerivirescens,Fungi,Basidiomycota,Agaricomycetes,Agaricales,Amanitaceae,Amanita,
Amanita armeniaca,Fungi,Basidiomycota,Agaricomycetes,Agaricales,Amanitaceae,Amanita,Amanita armeniaca
Amanita bisporigera,Fungi,Basidiomycota,Agaricomycetes,Agaricales,Amanitaceae,Amanita,Amanita bisporigera
Amanita brunnescens,Fungi,Basidiomycota,Agaricomycetes,Agaricales,Amanitaceae,Amanita,Amanita brunnescens
Amanita calyptroderma,Fungi,Basidiomycota,Agaricomycetes,Agaricales,Amanitaceae,Amanita,Amanita calyptroderma
Amanita chlorinosma,Fungi,Basidiomycota,Agaricomycetes,Agaricales,Amanitaceae,Amanita,Amanita chlorinosma
Amanita citrina,Fungi,Basidiomycota,Agaricomycetes,Agaricales,Amanitaceae,Amanita,Amanita citrina
Amanita crenulata,Fungi,Basidiomycota,Agaricomycetes,Agaricales,Amanitaceae,Amanita,Amanita crenulata
Amanita daucipes,Fungi,Basidiomycota,Agaricomycetes,Agaricales,Amanitaceae,Amanita,Amanita daucipes
Amanita farinosa,Fungi,Basidiomycota,Agaricomycetes,Agaricales,Amanitaceae,Amanita,Amanita farinosa
Amanita flavipes,Fungi,Basidiomycota,Agaricomycetes,Agaricales,Amanitaceae,Amanita,Amanita flavipes
Amanita flavoconia,Fungi,Basidiomycota,Agaricomycetes,Agaricales,Amanitaceae,Amanita,Amanita flavoconia
Amanita frostiana,Fungi,Basidiomycota,Agaricomycetes,Agaricales,Amanitaceae,Amanita,Amanita frostiana
Amanita fulva,Fungi,Basidiomycota,Agaricomycetes,Agaricales,Amanitaceae,Amanita,Amanita fulva
Amanita gemmata,Fungi,Basidiomycota,Agaricomycetes,Agaricales,Amanitaceae,Amanita,Amanita gemmata
Amanita jacksonii,Fungi,Basidiomycota,Agaricomycetes,Agaricales,Amanitaceae,Amanita,Amanita jacksonii
Amanita morrisii,Fungi,Basidiomycota,Agaricomycetes,Agaricales,Amanitaceae,Amanita,Amanita morrisii
Amanita muscaria,Fungi,Basidiomycota,Agaricomycetes,Agaricales,Amanitaceae,Amanita,Amanita muscaria
"Amanita ocreata (death angel, West Coast)",Fungi,Basidiomycota,Agaricomycetes,Agaricales,Amanitaceae,Amanita,Amanita ocreata
Amanita onusta,Fungi,Basidiomycota,Agaricomycetes,Agaricales,Amanitaceae,Amanita,Amanita onusta
Amanita pachycolea,Fungi,Basidiomycota,Agaricomycetes,Agaricales,Amanitaceae,Amanita,Amanita pachycolea
Amanita pantherina,Fungi,Basidiomycota,Agaricomycetes,Agaricales,Amanitaceae,Amanita,Amanita pantherina
Amanita pantherinoides,Fungi,Basidiomycota,Agaricomycetes,Agaricales,Amanitaceae,Amanita,Amanita pantherinoides
Amanita parcivolvata,Fungi,Basidiomycota,Agaricomycetes,Agaricales,Amanitaceae,Amanita,Amanita parcivolvata
Amanita persicina,Fungi,Basidiomycota,Agaricomycetes,Agaricales,Amanitaceae,Amanita,Amanita persicina
Amanita phalloides,Fungi,Basidiomycota,Agaricomycetes,Agaricales,Amanitaceae,Amanita,Amanita phalloides
Amanita polypyramis,Fungi,Basidiomycota,Agaricomycetes,Agaricales,Amanitaceae,Amanita,Amanita polypyramis
Amanita praeclara,Fungi,Basidiomycota,Agaricomycetes,Agaricales,Amanitaceae,Amanita,Amanita praeclara
Amanita rhopalopus,Fungi,Basidiomycota,Agaricomycetes,Agaricales,Amanitaceae,Amanita,Amanita rhopalopus
Amanita sinicoflava,Fungi,Basidiomycota,Agaricomycetes,Agaricales,Amanitaceae,Amanita,Amanita sinicoflava
Amanita smithiana,Fungi,Basidiomycota,Agaricomycetes,Agaricales,Amanitaceae,Amanita,Amanita smithiana
Amanita subcokeri,Fungi,Basidiomycota,Agaricomycetes,Agaricales,Amanitaceae,Amanita,
Amanita subpallidorosea,Fungi,Basidiomycota,Agaricomycetes,Agaricales,Amanitaceae,Amanita,Amanita subpallidorosea
Amanita thiersii,Fungi,Basidiomycota,Agaricomycetes,Agaricales,Amanitaceae,Amanita,Amanita thiersii
Amanita vaginata,Fungi,Basidiomycota,Agaricomycetes,Agaricales,Amanitaceae,Amanita,Amanita vaginata
Amanita velatipes,Fungi,Basidiomycota,Agaricomycetes,Agaricales,Amanitaceae,Amanita,Amanita velatipes
Amanita virosa,Fungi,Basidiomycota,Agaricomycetes,Agaricales,Amanitaceae,Amanita,Amanita virosa
Armillaria gallica,Fungi,Basidiomycota,Agaricomycetes,Agaricales,Physalacriaceae,Armillaria,Armillaria gallica
Armillaria mellea,Fungi,Basidiomycota,Agaricomycetes,Agaricales,Physalacriaceae,Armillaria,Armillaria mellea
Armillaria nabsnona,Fungi,Basidiomycota,Agaricomycetes,Agaricales,Physalacriaceae,Armillaria,Armillaria nabsnona
Armillaria ostoyae,Fungi,Basidiomycota,Agaricomycetes,Agaricales,Physalacriaceae,Armillaria,Armillaria ostoyae
Armillaria sinapina,Fungi,Basidiomycota,Agaricomycetes,Agaricales,Physalacriaceae,Armillaria,Armillaria sinapina
Armillaria tabescens (ringless honey),Fungi,Basidiomycota,Agaricomycetes,Agaricales,Physalacriaceae,Desarmillaria,Desarmillaria tabescens
Artomyces pyxidatus,Fungi,Basidiomycota,Agaricomycetes,Russulales,Auriscalpiaceae,Artomyces,Artomyces pyxidatus
Astraeus hygrometricus (earth-star),Fungi,Basidiomycota,Agaricomycetes,Boletales,Diplocystidiaceae,Astraeus,Astraeus hygrometricus
Astraeus morganii,Fungi,Basidiomycota,Agaricomycetes,Boletales,Diplocystidiaceae,Astraeus,Astraeus morganii
Astraeus pteridis,Fungi,Basidiomycota,Agaricomycetes,Boletales,Diplocystidiaceae,Astraeus,Astraeus pteridis
Astroboletus americanus,,,,,,,
Auricularia americana,Fungi,Basidiomycota,Agaricomycetes,Auriculariales,Auriculariaceae,Auricularia,Auricularia americana
Auricularia fuscosuccinea,Fungi,Basidiomycota,Agaricomycetes,Auriculariales,Auriculariaceae,Auricularia,Auricularia fuscosuccinea
Auricularia nigricans,Fungi,Basidiomycota,Agaricomycetes,Auriculariales,Auriculariaceae,Auricularia,Auricularia nigricans
Auriscalpium vulgare,Fungi,Basidiomycota,Agaricomycetes,Russulales,Auriscalpiaceae,Auriscalpium,Auriscalpium vulgare
Austroboletus betula,Fungi,Basidiomycota,Agaricomycetes,Boletales,Boletaceae,Aureoboletus,Aureoboletus betula
Austroboletus gracilis,Fungi,Basidiomycota,Agaricomycetes,Boletales,Boletaceae,Austroboletus,Austroboletus gracilis
Bankera fuligineoalba,Fungi,Basidiomycota,Agaricomycetes,Thelephorales,Thelephoraceae,Phellodon,Phellodon fuligineoalbus
Bankera violascens,Fungi,Basidiomycota,Agaricomycetes,Thelephorales,Thelephoraceae,Phellodon,Phellodon violascens
Boletellus russellii,Fungi,Basidiomycota,Agaricomycetes,Boletales,Boletaceae,Aureoboletus,Aureoboletus russellii
Boletinellus merulioides (ash-tree bolete),Fungi,Basidiomycota,Agaricomycetes,Boletales,Boletinellaceae,Boletinellus,Boletinellus merulioides
Boletopsis grisea,Fungi,Basidiomycota,Agaricomycetes,Thelephorales,Bankeraceae,Boletopsis,Boletopsis grisea
Boletopsis leucomelaena,Fungi,Basidiomycota,Agaricomycetes,Thelephorales,Bankeraceae,Boletopsis,Boletopsis leucomelaena
Boletus auripes,Fungi,Basidiomycota,Agaricomycetes,Boletales,Boletaceae,Boletus,Boletus auripes
Boletus barrowsii,Fungi,Basidiomycota,Agaricomycetes,Boletales,Boletaceae,Boletus,Boletus barrowsii
Boletus bicolor,Fungi,Basidiomycota,Agaricomycetes,Boletales,Boletaceae,Boletus,Boletus bicolor
Boletus edulis,Fungi,Basidiomycota,Agaricomycetes,Boletales,Boletaceae,Boletus,Boletus edulis
Boletus frostii (= Rubroboletus frostii),Fungi,Basidiomycota,Agaricomycetes,Boletales,Boletaceae,Butyriboletus,Butyriboletus frostii
Boletus huronensis,Fungi,Basidiomycota,Agaricomycetes,Boletales,Boletaceae,Boletus,Boletus huronensis
Boletus regineus,Fungi,Basidiomycota,Agaricomycetes,Boletales,Boletaceae,Boletus,Boletus regineus
Boletus rubellus,Fungi,Basidiomycota,Agaricomycetes,Boletales,Boletaceae,Hortiboletus,Hortiboletus rubellus
Boletus rubriceps,Fungi,Basidiomycota,Agaricomycetes,Boletales,Boletaceae,Boletus,Boletus rubriceps
Boletus sensibilis,Fungi,Basidiomycota,Agaricomycetes,Boletales,Boletaceae,Boletus,Boletus sensibilis
Boletus separans (= Baorangia bicolor sensu stricto),Fungi,Basidiomycota,Agaricomycetes,Boletales,Boletaceae,Xanthoconium,Xanthoconium separans
Boletus speciosus,Fungi,Basidiomycota,Agaricomycetes,Boletales,Boletaceae,Boletus,Boletus speciosus
Boletus subcaerulescens,Fungi,Basidiomycota,Agaricomycetes,Boletales,Boletaceae,Boletus,Boletus subcaerulescens
Bondarzewia berkeleyi,Fungi,Basidiomycota,Agaricomycetes,Russulales,Bondarzewiaceae,Bondarzewia,Bondarzewia berkeleyi
Bovista dermoxantha,Fungi,Basidiomycota,Agaricomycetes,Agaricales,Lycoperdaceae,Lycoperdon,Lycoperdon dermoxanthum
Bovista nigrescens,Fungi,Basidiomycota,Agaricomycetes,Agaricales,Lycoperdaceae,Bovista,Bovista nigrescens
Bovista pila,Fungi,Basidiomycota,Agaricomycetes,Agaricales,Lycoperdaceae,Bovista,Bovista pila
Bovista plumbea,Fungi,Basidiomycota,Agaricomycetes,Agaricales,Lycoperdaceae,Bovista,Bovista plumbea
Buchwaldoboletus lignicola,Fungi,Basidiomycota,Agaricomycetes,Boletales,Boletaceae,Buchwaldoboletus,Buchwaldoboletus lignicola
Butyriboletus appendiculatus,Fungi,Basidiomycota,Agaricomycetes,Boletales,Boletaceae,Butyriboletus,Butyriboletus appendiculatus
Butyriboletus brunneus,Fungi,Basidiomycota,Agaricomycetes,Boletales,Boletaceae,Butyriboletus,Butyriboletus brunneus
Butyriboletus fibrillosus,Fungi,Basidiomycota,Agaricomycetes,Boletales,Boletaceae,Butyriboletus,
Butyriboletus persolidus,Fungi,Basidiomycota,Agaricomycetes,Boletales,Boletaceae,Butyriboletus,Butyriboletus persolidus
Butyriboletus pulchriceps,Fungi,Basidiomycota,Agaricomycetes,Boletales,Boletaceae,Butyriboletus,Butyriboletus pulchriceps
Butyriboletus regius,Fungi,Basidiomycota,Agaricomycetes,Boletales,Boletaceae,Butyriboletus,Butyriboletus regius
Butyriboletus subappendiculatus,Fungi,Basidiomycota,Agaricomycetes,Boletales,Boletaceae,Butyriboletus,Butyriboletus subappendiculatus
Calbovista subsculpta,Fungi,Basidiomycota,Agaricomycetes,Agaricales,Lycoperdaceae,Calbovista,Calbovista subsculpta
Caloboletus calopus,Fungi,Basidiomycota,Agaricomycetes,Boletales,Boletaceae,Caloboletus,Caloboletus calopus
Calocybe gambosa (St. George’s mushroom),Fungi,Basidiomycota,Agaricomycetes,Agaricales,Lyophyllaceae,Calocybe,Calocybe gambosa
Calvatia booniana (western giant puffball),Fungi,Basidiomycota,Agaricomycetes,Agaricales,Lycoperdaceae,Calvatia,Calvatia booniana
Calvatia cyathiformis,Fungi,Basidiomycota,Agaricomycetes,Agaricales,Lycoperdaceae,Calvatia,Calvatia cyathiformis
Calvatia gigantea,Fungi,Basidiomycota,Agaricomycetes,Agaricales,Lycoperdaceae,Calvatia,Calvatia gigantea
Calvatia lilacina,Fungi,Basidiomycota,Agaricomycetes,Agaricales,Lycoperdaceae,Calvatia,Calvatia lilacina
Cantharellus altipes,Fungi,Basidiomycota,Agaricomycetes,Cantharellales,Hydnaceae,Cantharellus,Cantharellus altipes
Cantharellus appalachiensis,Fungi,Basidiomycota,Agaricomycetes,Cantharellales,Hydnaceae,Cantharellus,Cantharellus appalachiensis
Cantharellus californicus,Fungi,Basidiomycota,Agaricomycetes,Cantharellales,Hydnaceae,Cantharellus,Cantharellus californicus
Cantharellus cibarius,Fungi,Basidiomycota,Agaricomycetes,Cantharellales,Hydnaceae,Cantharellus,Cantharellus cibarius
Cantharellus cinnabarinus,Fungi,Basidiomycota,Agaricomycetes,Cantharellales,Hydnaceae,Cantharellus,Cantharellus cinnabarinus
Cantharellus lateritius,Fungi,Basidiomycota,Agaricomycetes,Cantharellales,Hydnaceae,Cantharellus,Cantharellus lateritius
Cantharellus luteopunctatus,Fungi,Basidiomycota,Agaricomycetes,Cantharellales,Hydnaceae,Cantharellus,Cantharellus luteopunctatus
Cantharellus minor,Fungi,Basidiomycota,Agaricomycetes,Cantharellales,Hydnaceae,Cantharellus,Cantharellus minor
Cantharellus odoratus,Fungi,Basidiomycota,Agaricomycetes,Cantharellales,Hydnaceae,Cantharellus,Cantharellus odoratus
Cantharellus phasmatis,Fungi,Basidiomycota,Agaricomycetes,Cantharellales,Hydnaceae,Cantharellus,Cantharellus phasmatis
Cantharellus roseocanus,Fungi,Basidiomycota,Agaricomycetes,Cantharellales,Hydnaceae,Cantharellus,Cantharellus roseocanus
Cantharellus subalbidus,Fungi,Basidiomycota,Agaricomycetes,Cantharellales,Hydnaceae,Cantharellus,Cantharellus subalbidus
Cantharellus subpruinosus,Fungi,Basidiomycota,Agaricomycetes,Cantharellales,Hydnaceae,Cantharellus,Cantharellus pallens
Cantharellus texensis,Fungi,Basidiomycota,Agaricomycetes,Cantharellales,Hydnaceae,Cantharellus,Cantharellus texensis
Chlorophyllum brunneum,Fungi,Basidiomycota,Agaricomycetes,Agaricales,Agaricaceae,Chlorophyllum,Chlorophyllum brunneum
Chlorophyllum molybdites,Fungi,Basidiomycota,Agaricomycetes,Agaricales,Agaricaceae,Chlorophyllum,Chlorophyllum molybdites
Chlorophyllum rhacodes,Fungi,Basidiomycota,Agaricomycetes,Agaricales,Agaricaceae,Chlorophyllum,Chlorophyllum rhacodes
Chroogomphus ochraceus,Fungi,Basidiomycota,Agaricomycetes,Boletales,Gomphidiaceae,Chroogomphus,Chroogomphus ochraceus
Chroogomphus vinicolor,Fungi,Basidiomycota,Agaricomycetes,Boletales,Gomphidiaceae,Chroogomphus,Chroogomphus vinicolor
Clathrus columnatus,Fungi,Basidiomycota,Agaricomycetes,Phallales,Phallaceae,Clathrus,Clathrus columnatus
Clathrus ruber,Fungi,Basidiomycota,Agaricomycetes,Phallales,Phallaceae,Clathrus,Clathrus ruber
Clavaria fragilis,Fungi,Basidiomycota,Agaricomycetes,Agaricales,Clavariaceae,Clavaria,Clavaria fragilis
Clavaria fumosa,Fungi,Basidiomycota,Agaricomycetes,Agaricales,Clavariaceae,Clavaria,Clavaria fumosa
Clavaria rosea,Fungi,Basidiomycota,Agaricomycetes,Agaricales,Clavariaceae,Clavaria,Clavaria rosea
Clavaria vermicularis,Fungi,Basidiomycota,Agaricomycetes,Agaricales,Clavariaceae,Clavaria,Clavaria fragilis
Clavaria zollingeri,Fungi,Basidiomycota,Agaricomycetes,Agaricales,Clavariaceae,Clavaria,Clavaria zollingeri
Clavariadelphus pistillaris,Fungi,Basidiomycota,Agaricomycetes,Gomphales,Clavariadelphaceae,Clavariadelphus,Clavariadelphus pistillaris
Clavariadelphus truncatus,Fungi,Basidiomycota,Agaricomycetes,Gomphales,Clavariadelphaceae,Clavariadelphus,Clavariadelphus truncatus
Clavulina cristata,Fungi,Basidiomycota,Agaricomycetes,Cantharellales,Hydnaceae,Clavulina,Clavulina coralloides
Clavulinopsis corniculata,Fungi,Basidiomycota,Agaricomycetes,Agaricales,Clavariaceae,Clavulinopsis,Clavulinopsis corniculata
Clavulinopsis fusiformis,Fungi,Basidiomycota,Agaricomycetes,Agaricales,Clavariaceae,Clavulinopsis,Clavulinopsis fusiformis
Clavulinopsis helvola,Fungi,Basidiomycota,Agaricomycetes,Agaricales,Clavariaceae,Clavulinopsis,Clavulinopsis helvola
Clavulinopsis sulcata,Fungi,Basidiomycota,Agaricomycetes,Agaricales,Clavariaceae,Clavulinopsis,Clavulinopsis sulcata
Climacodon septentrionalis,Fungi,Basidiomycota,Agaricomycetes,Polyporales,Meruliaceae,Climacodon,Climacodon septentrionalis
Clitocybe gibba,Fungi,Basidiomycota,Agaricomycetes,Agaricales,Tricholomataceae,Infundibulicybe,Infundibulicybe gibba
Clitocybe nebularis,Fungi,Basidiomycota,Agaricomycetes,Agaricales,Tricholomataceae,Clitocybe,Clitocybe nebularis
Clitocybe nuda,Fungi,Basidiomycota,Agaricomycetes,Agaricales,Tricholomataceae,Lepista,Lepista nuda
Clitocybe odora,Fungi,Basidiomycota,Agaricomycetes,Agaricales,Tricholomataceae,Clitocybe,Clitocybe odora
Clitopilus prunulus,Fungi,Basidiomycota,Agaricomycetes,Agaricales,Entolomataceae,Clitopilus,Clitopilus prunulus
Collybia luxurians,Fungi,Basidiomycota,Agaricomycetes,Agaricales,Omphalotaceae,Collybiopsis,Collybiopsis luxurians
Collybia tuberosa,Fungi,Basidiomycota,Agaricomycetes,Agaricales,Tricholomataceae,Collybia,Collybia tuberosa
Coprinellus disseminatus,Fungi,Basidiomycota,Agaricomycetes,Agaricales,Psathyrellaceae,Coprinellus,Coprinellus disseminatus
Coprinellus domesticus,Fungi,Basidiomycota,Agaricomycetes,Agaricales,Psathyrellaceae,Coprinellus,Coprinellus domesticus
Coprinellus micaceus,Fungi,Basidiomycota,Agaricomycetes,Agaricales,Psathyrellaceae,Coprinellus,Coprinellus micaceus
Coprinellus truncorum,Fungi,Basidiomycota,Agaricomycetes,Agaricales,Psathyrellaceae,Coprinellus,Coprinellus truncorum
Coprinellus xanthothrix,Fungi,Basidiomycota,Agaricomycetes,Agaricales,Psathyrellaceae,Coprinellus,Coprinellus xanthothrix
Coprinopsis atramentaria,Fungi,Basidiomycota,Agaricomycetes,Agaricales,Psathyrellaceae,Coprinopsis,Coprinopsis atramentaria
Coprinopsis ephemeroides,Fungi,Basidiomycota,Agaricomycetes,Agaricales,Psathyrellaceae,Narcissea,Narcissea ephemeroides
Coprinopsis lagopus,Fungi,Basidiomycota,Agaricomycetes,Agaricales,Psathyrellaceae,Coprinopsis,Coprinopsis lagopus
Coprinopsis nivea,Fungi,Basidiomycota,Agaricomycetes,Agaricales,Psathyrellaceae,Coprinopsis,Coprinopsis nivea
Coprinopsis picacea (magpie inkcap),Fungi,Basidiomycota,Agaricomycetes,Agaricales,Psathyrellaceae,Coprinopsis,Coprinopsis picacea
Coprinus comatus,Fungi,Basidiomycota,Agaricomycetes,Agaricales,Agaricaceae,Coprinus,Coprinus comatus
Cordyceps militaris,Fungi,Ascomycota,Sordariomycetes,Hypocreales,Cordycipitaceae,Cordyceps,Cordyceps militaris
Cortinarius alboviolaceus,Fungi,Basidiomycota,Agaricomycetes,Agaricales,Cortinariaceae,Cortinarius,Cortinarius alboviolaceus
Cortinarius anomalus,Fungi,Basidiomycota,Agaricomycetes,Agaricales,Cortinariaceae,Cortinarius,Cortinarius anomalus
Cortinarius armillatus,Fungi,Basidiomycota,Agaricomycetes,Agaricales,Cortinariaceae,Cortinarius,Cortinarius armillatus
Cortinarius caperatus,Fungi,Basidiomycota,Agaricomycetes,Agaricales,Cortinariaceae,Cortinarius,Cortinarius caperatus
Cortinarius cinnamomeus,Fungi,Basidiomycota,Agaricomycetes,Agaricales,Cortinariaceae,Cortinarius,Cortinarius cinnamomeus
Cortinarius collinitus,Fungi,Basidiomycota,Agaricomycetes,Agaricales,Cortinariaceae,Cortinarius,Cortinarius collinitus
Cortinarius gentilis,Fungi,Basidiomycota,Agaricomycetes,Agaricales,Cortinariaceae,Cortinarius,Cortinarius gentilis
Cortinarius iodes,Fungi,Basidiomycota,Agaricomycetes,Agaricales,Cortinariaceae,Cortinarius,Cortinarius iodes
Cortinarius sanguineus,Fungi,Basidiomycota,Agaricomycetes,Agaricales,Cortinariaceae,Cortinarius,Cortinarius sanguineus
Cortinarius semisanguineus,Fungi,Basidiomycota,Agaricomycetes,Agaricales,Cortinariaceae,Cortinarius,Cortinarius semisanguineus
Cortinarius traganus,Fungi,Basidiomycota,Agaricomycetes,Agaricales,Cortinariaceae,Cortinarius,Cortinarius traganus
Cortinarius violaceus,Fungi,Basidiomycota,Agaricomycetes,Agaricales,Cortinariaceae,Cortinarius,Cortinarius violaceus
Craterellus cinereus,Fungi,Basidiomycota,Agaricomycetes,Cantharellales,Hydnaceae,Cantharellus,Cantharellus cinereus
Craterellus cornucopioides,Fungi,Basidiomycota,Agaricomycetes,Cantharellales,Hydnaceae,Craterellus,Craterellus cornucopioides
Craterellus fallax,Fungi,Basidiomycota,Agaricomycetes,Cantharellales,Hydnaceae,Craterellus,Craterellus cornucopioides
Craterellus foetidus,Fungi,Basidiomycota,Agaricomycetes,Cantharellales,Hydnaceae,Craterellus,Craterellus foetidus
Craterellus ignicolor,Fungi,Basidiomycota,Agaricomycetes,Cantharellales,Hydnaceae,Craterellus,Craterellus ignicolor
Craterellus konradii,Fungi,Basidiomycota,Agaricomycetes,Cantharellales,Hydnaceae,Craterellus,Craterellus cornucopioides
Craterellus lutescens,Fungi,Basidiomycota,Agaricomycetes,Cantharellales,Hydnaceae,Craterellus,Craterellus lutescens
Craterellus tubaeformis,Fungi,Basidiomycota,Agaricomycetes,Cantharellales,Hydnaceae,Craterellus,Craterellus tubaeformis
Craterellus undulatus,Fungi,Basidiomycota,Agaricomycetes,Cantharellales,Hydnaceae,Craterellus,Craterellus undulatus
Crepidotus mollis,Fungi,Basidiomycota,Agaricomycetes,Agaricales,Crepidotaceae,Crepidotus,Crepidotus mollis
Crepidotus variabilis,Fungi,Basidiomycota,Agaricomycetes,Agaricales,Crepidotaceae,Crepidotus,Crepidotus variabilis
Dacrymyces chrysospermus,Fungi,Basidiomycota,Dacrymycetes,Dacrymycetales,Dacrymycetaceae,Dacrymyces,Dacrymyces chrysospermus
Dacrymyces stillatus,Fungi,Basidiomycota,Dacrymycetes,Dacrymycetales,Dacrymycetaceae,Dacrymyces,Dacrymyces stillatus
Daedalea quercina,Fungi,Basidiomycota,Agaricomycetes,Polyporales,Fomitopsidaceae,Daedalea,Daedalea quercina
Daedaleopsis confragosa,Fungi,Basidiomycota,Agaricomycetes,Polyporales,Polyporaceae,Daedaleopsis,Daedaleopsis confragosa
Daedaleopsis septentrionalis,Fungi,Basidiomycota,Agaricomycetes,Polyporales,Polyporaceae,Daedaleopsis,Daedaleopsis septentrionalis
Daldinia concentrica,Fungi,Ascomycota,Sordariomycetes,Xylariales,Hypoxylaceae,Daldinia,Daldinia concentrica
Datronia mollis,Fungi,Basidiomycota,Agaricomycetes,Polyporales,Polyporaceae,Podofomes,Podofomes mollis
Discina perlata,Fungi,Ascomycota,Pezizomycetes,Pezizales,Discinaceae,Discina,Discina ancilis
Entoloma abortivum,Fungi,Basidiomycota,Agaricomycetes,Agaricales,Entolomataceae,Entoloma,Entoloma abortivum
Entoloma bloxamii,Fungi,Basidiomycota,Agaricomycetes,Agaricales,Entolomataceae,Entoloma,Entoloma bloxamii
Entoloma incanum,Fungi,Basidiomycota,Agaricomycetes,Agaricales,Entolomataceae,Entoloma,Entoloma incanum
Entoloma murrayi,Fungi,Basidiomycota,Agaricomycetes,Agaricales,Entolomataceae,Entoloma,Entoloma murrayi
Entoloma nidorosum,Fungi,Basidiomycota,Agaricomycetes,Agaricales,Entolomataceae,Entoloma,Entoloma rhodopolium
Entoloma salmonicolor,Fungi,Basidiomycota,Agaricomycetes,Agaricales,Entolomataceae,Entoloma,
Entoloma sinuatum,Fungi,Basidiomycota,Agaricomycetes,Agaricales,Entolomataceae,Entoloma,Entoloma sinuatum
Entoloma vernum,Fungi,Basidiomycota,Agaricomycetes,Agaricales,Entolomataceae,Entoloma,Entoloma vernum
Exidia glandulosa,Fungi,Basidiomycota,Agaricomycetes,Auriculariales,Auriculariaceae,Exidia,Exidia glandulosa
Exidia recisa,Fungi,Basidiomycota,Agaricomycetes,Auriculariales,Auriculariaceae,Exidia,Exidia recisa
Exidia thuretiana,Fungi,Basidiomycota,Agaricomycetes,Auriculariales,Auriculariaceae,Exidia,Exidia thuretiana
Fistulina hepatica (beefsteak fungus),Fungi,Basidiomycota,Agaricomycetes,Agaricales,Fistulinaceae,Fistulina,Fistulina hepatica
Flammulina populicola,Fungi,Basidiomycota,Agaricomycetes,Agaricales,Physalacriaceae,Flammulina,Flammulina populicola
Flammulina velutipes,Fungi,Basidiomycota,Agaricomycetes,Agaricales,Physalacriaceae,Flammulina,Flammulina velutipes
Fomes fomentarius,Fungi,Basidiomycota,Agaricomycetes,Polyporales,Polyporaceae,Fomes,Fomes fomentarius
Fomitopsis betulina (birch polypore),Fungi,Basidiomycota,Agaricomycetes,Polyporales,Fomitopsidaceae,Fomitopsis,Fomitopsis betulina
Fomitopsis officinalis (quinine conk),Fungi,Basidiomycota,Agaricomycetes,Polyporales,Fomitopsidaceae,Fomitopsis,Fomitopsis officinalis
Fomitopsis pinicola,Fungi,Basidiomycota,Agaricomycetes,Polyporales,Fomitopsidaceae,Fomitopsis,Fomitopsis pinicola
Fomitopsis spraguei,Fungi,Basidiomycota,Agaricomycetes,Polyporales,Fomitopsidaceae,Niveoporofomes,Niveoporofomes spraguei
Galerina marginata,Fungi,Basidiomycota,Agaricomycetes,Agaricales,Hymenogastraceae,Galerina,Galerina marginata
Ganoderma applanatum,Fungi,Basidiomycota,Agaricomycetes,Polyporales,Polyporaceae,Ganoderma,Ganoderma applanatum
Ganoderma brownii,Fungi,Basidiomycota,Agaricomycetes,Polyporales,Polyporaceae,Ganoderma,Ganoderma brownii
Ganoderma curtisii,Fungi,Basidiomycota,Agaricomycetes,Polyporales,Polyporaceae,Ganoderma,Ganoderma curtisii
"Ganoderma lucidum (sensu lato, cultivated “reishi”)",Fungi,Basidiomycota,Agaricomycetes,Polyporales,Polyporaceae,Ganoderma,Ganoderma lucidum
Ganoderma meredithiae,Fungi,Basidiomycota,Agaricomycetes,Polyporales,Polyporaceae,Ganoderma,Ganoderma meredithiae
Ganoderma oregonense,Fungi,Basidiomycota,Agaricomycetes,Polyporales,Polyporaceae,Ganoderma,Ganoderma oregonense
Ganoderma sessile,Fungi,Basidiomycota,Agaricomycetes,Polyporales,Polyporaceae,Ganoderma,Ganoderma resinaceum
Ganoderma tsugae,Fungi,Basidiomycota,Agaricomycetes,Polyporales,Polyporaceae,Ganoderma,Ganoderma tsugae
Ganoderma zonatum,Fungi,Basidiomycota,Agaricomycetes,Polyporales,Polyporaceae,Ganoderma,Ganoderma zonatum
Geastrum fimbriatum,Fungi,Basidiomycota,Agaricomycetes,Geastrales,Geastraceae,Geastrum,Geastrum fimbriatum
Geastrum quadrifidum,Fungi,Basidiomycota,Agaricomycetes,Geastrales,Geastraceae,Geastrum,Geastrum quadrifidum
Geastrum saccatum,Fungi,Basidiomycota,Agaricomycetes,Geastrales,Geastraceae,Geastrum,Geastrum saccatum
Geastrum triplex,Fungi,Basidiomycota,Agaricomycetes,Geastrales,Geastraceae,Geastrum,Geastrum triplex
Gloeophyllum carbonarium,Fungi,Basidiomycota,Agaricomycetes,Gloeophyllales,Gloeophyllaceae,Gloeophyllum,Gloeophyllum carbonarium
Gloeophyllum sepiarium,Fungi,Basidiomycota,Agaricomycetes,Gloeophyllales,Gloeophyllaceae,Gloeophyllum,Gloeophyllum sepiarium
Gomphidius glutinosus,Fungi,Basidiomycota,Agaricomycetes,Boletales,Gomphidiaceae,Gomphidius,Gomphidius glutinosus
Gomphus clavatus,Fungi,Basidiomycota,Agaricomycetes,Gomphales,Gomphaceae,Gomphus,Gomphus clavatus
Grifola frondosa,Fungi,Basidiomycota,Agaricomycetes,Polyporales,Grifolaceae,Grifola,Grifola frondosa
Grifola umbellata (= Polyporus umbellatus),Fungi,Basidiomycota,Agaricomycetes,Polyporales,Polyporaceae,Polyporus,Polyporus umbellatus
Gymnopilus aeruginosus,Fungi,Basidiomycota,Agaricomycetes,Agaricales,Hymenogastraceae,Gymnopilus,Gymnopilus aeruginosus
Gymnopilus junonius,Fungi,Basidiomycota,Agaricomycetes,Agaricales,Hymenogastraceae,Gymnopilus,Gymnopilus junonius
Gymnopilus luteocarneus,Fungi,Basidiomycota,Agaricomycetes,Agaricales,Hymenogastraceae,Gymnopilus,Gymnopilus luteocarneus
Gymnopilus luteofolius,Fungi,Basidiomycota,Agaricomycetes,Agaricales,Hymenogastraceae,Gymnopilus,Gymnopilus luteofolius
Gymnopilus penetrans,Fungi,Basidiomycota,Agaricomycetes,Agaricales,Hymenogastraceae,Gymnopilus,Gymnopilus penetrans
Gymnopilus sapineus,Fungi,Basidiomycota,Agaricomycetes,Agaricales,Hymenogastraceae,Gymnopilus,Gymnopilus sapineus
Gymnopilus subspectabilis,Fungi,Basidiomycota,Agaricomycetes,Agaricales,Hymenogastraceae,Gymnopilus,Gymnopilus subspectabilis
Gymnopilus ventricosus,Fungi,Basidiomycota,Agaricomycetes,Agaricales,Hymenogastraceae,Gymnopilus,Gymnopilus ventricosus
Gymnopus acervatus,Fungi,Basidiomycota,Agaricomycetes,Agaricales,Omphalotaceae,Connopus,Connopus acervatus
Gymnopus dryophilus,Fungi,Basidiomycota,Agaricomycetes,Agaricales,Omphalotaceae,Gymnopus,Gymnopus dryophilus
Gyrodon lividus,Fungi,Basidiomycota,Agaricomycetes,Boletales,Paxillaceae,Gyrodon,Gyrodon lividus
Gyromitra brunnea,Fungi,Ascomycota,Pezizomycetes,Pezizales,Discinaceae,Discina,Discina brunnea
Gyromitra californica,Fungi,Ascomycota,Pezizomycetes,Pezizales,Discinaceae,Gyromitra,Gyromitra californica
Gyromitra caroliniana,Fungi,Ascomycota,Pezizomycetes,Pezizales,Discinaceae,Discina,Discina caroliniana
Gyromitra esculenta,Fungi,Ascomycota,Pezizomycetes,Pezizales,Discinaceae,Gyromitra,Gyromitra esculenta
Gyromitra gigas,Fungi,Ascomycota,Pezizomycetes,Pezizales,Discinaceae,Gyromitra,Gyromitra gigas
Gyromitra infula,Fungi,Ascomycota,Pezizomycetes,Pezizales,Discinaceae,Gyromitra,Gyromitra infula
Gyromitra korfii,Fungi,Ascomycota,Pezizomycetes,Pezizales,Discinaceae,Gyromitra,Gyromitra korfii
Gyromitra montana,Fungi,Ascomycota,Pezizomycetes,Pezizales,Discinaceae,Discina,Discina montana
Gyromitra sphaerospora,Fungi,Ascomycota,Pezizomycetes,Pezizales,Discinaceae,Gyromitra,Gyromitra sphaerospora
Handkea utriformis,Fungi,Basidiomycota,Agaricomycetes,Agaricales,Lycoperdaceae,Bovistella,Bovistella utriformis
Hebeloma crustuliniforme (poison pie),Fungi,Basidiomycota,Agaricomycetes,Agaricales,Hymenogastraceae,Hebeloma,Hebeloma crustuliniforme
Hebeloma cylindrosporum,Fungi,Basidiomycota,Agaricomycetes,Agaricales,Hymenogastraceae,Hebeloma,Hebeloma cylindrosporum
Hebeloma insigne,Fungi,Basidiomycota,Agaricomycetes,Agaricales,Hymenogastraceae,Hebeloma,Hebeloma insigne
Helvella atra,Fungi,Ascomycota,Pezizomycetes,Pezizales,Helvellaceae,Helvella,Helvella atra
Helvella californica,Fungi,Ascomycota,Pezizomycetes,Pezizales,Discinaceae,Gyromitra,Gyromitra californica
Helvella compressa,Fungi,Ascomycota,Pezizomycetes,Pezizales,Helvellaceae,Helvella,Helvella compressa
Helvella crispa,Fungi,,,,,,
Helvella elastica,Fungi,Ascomycota,Pezizomycetes,Pezizales,Helvellaceae,Helvella,Helvella elastica
Helvella lacunosa,Fungi,Ascomycota,Pezizomycetes,Pezizales,Helvellaceae,Helvella,Helvella lacunosa
Helvella lacustris,Fungi,Ascomycota,Pezizomycetes,Pezizales,Helvellaceae,Helvella,
Helvella leucomelaena,Fungi,Ascomycota,Pezizomycetes,Pezizales,Helvellaceae,Dissingia,Dissingia leucomelaena
Helvella maculata,Fungi,Ascomycota,Pezizomycetes,Pezizales,Helvellaceae,Helvella,Helvella maculata
Helvella vespertina,Fungi,Ascomycota,Pezizomycetes,Pezizales,Helvellaceae,Helvella,Helvella vespertina
Hemileccinum impolitum,Fungi,Basidiomycota,Agaricomycetes,Boletales,Boletaceae,Hemileccinum,Hemileccinum impolitum
Hemileccinum subglabripes (= Boletus subtomentosus sensu NA),Fungi,Basidiomycota,Agaricomycetes,Boletales,Boletaceae,Hemileccinum,Hemileccinum subglabripes
Hericium abietis,Fungi,Basidiomycota,Agaricomycetes,Russulales,Hericiaceae,Hericium,Hericium abietis
Hericium americanum,Fungi,Basidiomycota,Agaricomycetes,Russulales,Hericiaceae,Hericium,Hericium americanum
Hericium coralloides,Fungi,Basidiomycota,Agaricomycetes,Russulales,Hericiaceae,Hericium,Hericium coralloides
Hericium erinaceus,Fungi,Basidiomycota,Agaricomycetes,Russulales,Hericiaceae,Hericium,Hericium erinaceus
Heterobasidion annosum,Fungi,Basidiomycota,Agaricomycetes,Russulales,Bondarzewiaceae,Heterobasidion,Heterobasidion annosum
Hortiboletus campestris,Fungi,Basidiomycota,Agaricomycetes,Boletales,Boletaceae,Hortiboletus,Hortiboletus campestris
Hortiboletus rubidus (cinnamon cap),Fungi,Basidiomycota,Agaricomycetes,Boletales,Boletaceae,Hortiboletus,Hortiboletus rubellus
Hydnellum caeruleum,Fungi,Basidiomycota,Agaricomycetes,Thelephorales,Bankeraceae,Hydnellum,Hydnellum caeruleum
Hydnellum ferrugineum,Fungi,Basidiomycota,Agaricomycetes,Thelephorales,Bankeraceae,Hydnellum,Hydnellum ferrugineum
Hydnellum peckii (bleeding tooth),Fungi,Basidiomycota,Agaricomycetes,Thelephorales,Bankeraceae,Hydnellum,Hydnellum peckii
Hydnellum spongiosipes,Fungi,Basidiomycota,Agaricomycetes,Thelephorales,Bankeraceae,Hydnellum,Hydnellum spongiosipes
Hydnum aerolatum,Fungi,Basidiomycota,Agaricomycetes,Cantharellales,Hydnaceae,Hydnum,
Hydnum albidum,Fungi,Basidiomycota,Agaricomycetes,Cantharellales,Hydnaceae,Hydnum,Hydnum albidum
Hydnum canadense,Fungi,Basidiomycota,Agaricomycetes,Cantharellales,Hydnaceae,Hydnum,Hydnum canadense
Hydnum hoopaiense,Fungi,Basidiomycota,Agaricomycetes,Cantharellales,Hydnaceae,Hydnum,
Hydnum oregonense,Fungi,Basidiomycota,Agaricomycetes,Cantharellales,Hydnaceae,Hydnum,Hydnum oregonense
Hydnum repandum,Fungi,Basidiomycota,Agaricomycetes,Cantharellales,Hydnaceae,Hydnum,Hydnum repandum
Hydnum umbilicatum,Fungi,Basidiomycota,Agaricomycetes,Cantharellales,Hydnaceae,Hydnum,Hydnum umbilicatum
Hydnum washingtonianum,Fungi,Basidiomycota,Agaricomycetes,Cantharellales,Hydnaceae,Hydnum,Hydnum repandum
Hydropus subalpinus,Fungi,Basidiomycota,Agaricomycetes,Agaricales,Porotheleaceae,Hydropodia,Hydropodia subalpina
Hygrocybe aurantiosplendens,Fungi,Basidiomycota,Agaricomycetes,Agaricales,Hygrophoraceae,Hygrocybe,Hygrocybe aurantiosplendens
Hygrocybe cantharellus,Fungi,Basidiomycota,Agaricomycetes,Agaricales,Hygrophoraceae,Hygrocybe,Hygrocybe cantharellus
Hygrocybe conica,Fungi,Basidiomycota,Agaricomycetes,Agaricales,Hygrophoraceae,Hygrocybe,Hygrocybe conica
Hygrocybe flavescens,Fungi,Basidiomycota,Agaricomycetes,Agaricales,Hygrophoraceae,Hygrocybe,Hygrocybe flavescens
Hygrocybe flavifolia,Fungi,Basidiomycota,Agaricomycetes,Agaricales,Hygrophoraceae,Hygrocybe,Hygrocybe flavifolia
Hygrocybe miniata,Fungi,Basidiomycota,Agaricomycetes,Agaricales,Hygrophoraceae,Hygrocybe,Hygrocybe miniata
Hygrocybe psittacina,Fungi,Basidiomycota,Agaricomycetes,Agaricales,Hygrophoraceae,Gliophorus,Gliophorus psittacinus
Hygrocybe singeri,Fungi,Basidiomycota,Agaricomycetes,Agaricales,Hygrophoraceae,Hygrocybe,Hygrocybe singeri
Hygrocybe turunda,Fungi,Basidiomycota,Agaricomycetes,Agaricales,Hygrophoraceae,Hygrocybe,Hygrocybe turunda
Hygrophoropsis aurantiaca (false chanterelle),Fungi,Basidiomycota,Agaricomycetes,Boletales,Hygrophoropsidaceae,Hygrophoropsis,Hygrophoropsis aurantiaca
Hygrophoropsis macrospora,Fungi,Basidiomycota,Agaricomycetes,Boletales,Hygrophoropsidaceae,Hygrophoropsis,Hygrophoropsis macrospora
Hygrophorus camarophyllus,Fungi,Basidiomycota,Agaricomycetes,Agaricales,Hygrophoraceae,Hygrophorus,Hygrophorus camarophyllus
Hygrophorus eburneus,Fungi,Basidiomycota,Agaricomycetes,Agaricales,Hygrophoraceae,Hygrophorus,Hygrophorus eburneus
Hygrophorus marzuolus,Fungi,Basidiomycota,Agaricomycetes,Agaricales,Hygrophoraceae,Hygrophorus,Hygrophorus marzuolus
Hygrophorus purpurascens,Fungi,Basidiomycota,Agaricomycetes,Agaricales,Hygrophoraceae,Hygrophorus,Hygrophorus purpurascens
Hygrophorus pustulatus,Fungi,Basidiomycota,Agaricomycetes,Agaricales,Hygrophoraceae,Hygrophorus,Hygrophorus pustulatus
Hygrophorus russula,Fungi,Basidiomycota,Agaricomycetes,Agaricales,Hygrophoraceae,Hygrophorus,Hygrophorus russula
Hygrophorus speciosus,Fungi,Basidiomycota,Agaricomycetes,Agaricales,Hygrophoraceae,Hygrophorus,Hygrophorus speciosus
Hypholoma capnoides,Fungi,Basidiomycota,Agaricomycetes,Agaricales,Strophariaceae,Hypholoma,Hypholoma capnoides
Hypholoma fasciculare,Fungi,Basidiomycota,Agaricomycetes,Agaricales,Strophariaceae,Hypholoma,Hypholoma fasciculare
Hypholoma sublateritium,Fungi,Basidiomycota,Agaricomycetes,Agaricales,Strophariaceae,Hypholoma,Hypholoma lateritium
Hypomyces chrysospermus (bolete mold),Fungi,Ascomycota,Sordariomycetes,Hypocreales,Hypocreaceae,Hypomyces,Hypomyces chrysospermus
Hypomyces lactifluorum (lobster mushroom),Fungi,Ascomycota,Sordariomycetes,Hypocreales,Hypocreaceae,Hypomyces,Hypomyces lactifluorum
Inocybe fastigiata,Fungi,Basidiomycota,Agaricomycetes,Agaricales,Inocybaceae,Pseudosperma,Pseudosperma rimosum
Inocybe geophylla,Fungi,Basidiomycota,Agaricomycetes,Agaricales,Inocybaceae,Inocybe,Inocybe geophylla
Inocybe lanuginosa,Fungi,Basidiomycota,Agaricomycetes,Agaricales,Inocybaceae,Inocybe,Inocybe lanuginosa
Inocybe rimosa,Fungi,Basidiomycota,Agaricomycetes,Agaricales,Inocybaceae,Pseudosperma,Pseudosperma rimosum
Inonotus dryadeus,Fungi,Basidiomycota,Agaricomycetes,Hymenochaetales,Hymenochaetaceae,Pseudoinonotus,Pseudoinonotus dryadeus
Inonotus hispidus,Fungi,Basidiomycota,Agaricomycetes,Hymenochaetales,Hymenochaetaceae,Inonotus,Inonotus hispidus
Inonotus obliquus (chaga),Fungi,Basidiomycota,Agaricomycetes,Hymenochaetales,Hymenochaetaceae,Inonotus,Inonotus obliquus
Irpex lacteus,Fungi,Basidiomycota,Agaricomycetes,Polyporales,Irpicaceae,Irpex,Irpex lacteus
Ischnoderma benzoinum,Fungi,Basidiomycota,Agaricomycetes,Polyporales,Ischnodermataceae,Ischnoderma,Ischnoderma benzoinum
Ischnoderma resinosum,Fungi,Basidiomycota,Agaricomycetes,Polyporales,Ischnodermataceae,Ischnoderma,Ischnoderma resinosum
Kuehneromyces mutabilis,Fungi,Basidiomycota,Agaricomycetes,Agaricales,Strophariaceae,Kuehneromyces,Kuehneromyces mutabilis
Laccaria amethysteo-occidentalis,Fungi,Basidiomycota,Agaricomycetes,Agaricales,Hydnangiaceae,Laccaria,Laccaria amethysteo-occidentalis
Laccaria amethystina,Fungi,Basidiomycota,Agaricomycetes,Agaricales,Hydnangiaceae,Laccaria,Laccaria amethystina
Laccaria bicolor,Fungi,Basidiomycota,Agaricomycetes,Agaricales,Hydnangiaceae,Laccaria,Laccaria bicolor
Laccaria laccata,Fungi,Basidiomycota,Agaricomycetes,Agaricales,Hydnangiaceae,Laccaria,Laccaria laccata
Laccaria ochropurpurea,Fungi,Basidiomycota,Agaricomycetes,Agaricales,Hydnangiaceae,Laccaria,Laccaria ochropurpurea
Laccaria proxima,Fungi,Basidiomycota,Agaricomycetes,Agaricales,Hydnangiaceae,Laccaria,Laccaria proxima
Laccaria trullisata,Fungi,Basidiomycota,Agaricomycetes,Agaricales,Hydnangiaceae,Laccaria,Laccaria trullissata
Lactarius argillaceifolius,Fungi,Basidiomycota,Agaricomycetes,Russulales,Russulaceae,Lactarius,Lactarius argillaceifolius
Lactarius deliciosus,Fungi,Basidiomycota,Agaricomycetes,Russulales,Russulaceae,Lactarius,Lactarius deliciosus
Lactarius deterrimus,Fungi,Basidiomycota,Agaricomycetes,Russulales,Russulaceae,Lactarius,Lactarius deterrimus
Lactarius fallax,Fungi,Basidiomycota,Agaricomycetes,Russulales,Russulaceae,Lactarius,Lactarius fallax
Lactarius gerardii,Fungi,Basidiomycota,Agaricomycetes,Russulales,Russulaceae,Lactarius,Lactarius gerardii
Lactarius helvus,Fungi,Basidiomycota,Agaricomycetes,Russulales,Russulaceae,Lactarius,Lactarius helvus
Lactarius hygrophoroides,Fungi,Basidiomycota,Agaricomycetes,Russulales,Russulaceae,Lactarius,Lactarius hygrophoroides
Lactarius indigo,Fungi,Basidiomycota,Agaricomycetes,Russulales,Russulaceae,Lactarius,Lactarius indigo
Lactarius paradoxus,Fungi,Basidiomycota,Agaricomycetes,Russulales,Russulaceae,Lactarius,Lactarius paradoxus
Lactarius piperatus,Fungi,Basidiomycota,Agaricomycetes,Russulales,Russulaceae,Lactifluus,Lactifluus piperatus
Lactarius psammicola,Fungi,Basidiomycota,Agaricomycetes,Russulales,Russulaceae,Lactarius,Lactarius psammicola
Lactarius quietus,Fungi,Basidiomycota,Agaricomycetes,Russulales,Russulaceae,Lactarius,Lactarius quietus
Lactarius subdulcis,Fungi,Basidiomycota,Agaricomycetes,Russulales,Russulaceae,Lactarius,Lactarius subdulcis
Lactarius subflammeus,Fungi,Basidiomycota,Agaricomycetes,Russulales,Russulaceae,Lactarius,Lactarius subflammeus
Lactarius subviscidus,Fungi,Basidiomycota,Agaricomycetes,Russulales,Russulaceae,Lactarius,Lactarius subviscidus
Lactarius uvidus,Fungi,Basidiomycota,Agaricomycetes,Russulales,Russulaceae,Lactarius,Lactarius uvidus
Lactarius vinaceorufescens,Fungi,Basidiomycota,Agaricomycetes,Russulales,Russulaceae,Lactarius,Lactarius vinaceorufescens
Lactifluus volemus,Fungi,Basidiomycota,Agaricomycetes,Russulales,Russulaceae,Lactifluus,Lactifluus volemus
Laetiporus cincinnatus (white-pored chicken),Fungi,Basidiomycota,Agaricomycetes,Polyporales,Laetiporaceae,Laetiporus,Laetiporus sulphureus
Laetiporus conifericola,Fungi,Basidiomycota,Agaricomycetes,Polyporales,Laetiporaceae,Laetiporus,Laetiporus conifericola
Laetiporus huroniensis,Fungi,Basidiomycota,Agaricomycetes,Polyporales,Laetiporaceae,Laetiporus,Laetiporus huroniensis
Laetiporus sulphureus,Fungi,Basidiomycota,Agaricomycetes,Polyporales,Laetiporaceae,Laetiporus,Laetiporus sulphureus
Lanmaoa pallidorosea,Fungi,Basidiomycota,Agaricomycetes,Boletales,Boletaceae,Lanmaoa,Lanmaoa pallidorosea
Leccinellum albellum,Fungi,Basidiomycota,Agaricomycetes,Boletales,Boletaceae,Leccinellum,Leccinellum albellum
Leccinum atrostipitatum,Fungi,Basidiomycota,Agaricomycetes,Boletales,Boletaceae,Leccinum,Leccinum versipelle
Leccinum aurantiacum,Fungi,Basidiomycota,Agaricomycetes,Boletales,Boletaceae,Leccinum,Leccinum aurantiacum
Leccinum holopus,Fungi,Basidiomycota,Agaricomycetes,Boletales,Boletaceae,Leccinum,Leccinum holopus
Leccinum insigne,Fungi,Basidiomycota,Agaricomycetes,Boletales,Boletaceae,Leccinum,Leccinum insigne
Leccinum rugosiceps,Fungi,Basidiomycota,Agaricomycetes,Boletales,Boletaceae,Leccinellum,Leccinellum rugosiceps
Leccinum scabrum,Fungi,Basidiomycota,Agaricomycetes,Boletales,Boletaceae,Leccinum,Leccinum scabrum
Leccinum versipelle,Fungi,Basidiomycota,Agaricomycetes,Boletales,Boletaceae,Leccinum,Leccinum versipelle
Lentinula edodes,Fungi,Basidiomycota,Agaricomycetes,Agaricales,Omphalotaceae,Lentinula,Lentinula edodes
Lentinus crinitus,Fungi,Basidiomycota,Agaricomycetes,Polyporales,Polyporaceae,Lentinus,Lentinus crinitus
Lentinus lepideus,Fungi,Basidiomycota,Agaricomycetes,Gloeophyllales,Gloeophyllaceae,Neolentinus,Neolentinus lepideus
Lentinus tigrinus,Fungi,Basidiomycota,Agaricomycetes,Polyporales,Polyporaceae,Lentinus,Lentinus tigrinus
Lenzites betulina,Fungi,Basidiomycota,Agaricomycetes,Polyporales,Polyporaceae,Lenzites,Lenzites betulinus
Leotia lubrica,Fungi,Ascomycota,Leotiomycetes,Leotiales,Leotiaceae,Leotia,Leotia lubrica
Lepiota cristata,Fungi,Basidiomycota,Agaricomycetes,Agaricales,Agaricaceae,Lepiota,Lepiota cristata
Lepista irina,Fungi,Basidiomycota,Agaricomycetes,Agaricales,Tricholomataceae,Lepista,Lepista irina
Lepista sordida,Fungi,Basidiomycota,Agaricomycetes,Agaricales,Tricholomataceae,Lepista,Lepista sordida
Leucoagaricus americanus,Fungi,Basidiomycota,Agaricomycetes,Agaricales,Agaricaceae,Leucoagaricus,Leucoagaricus americanus
Leucoagaricus leucothites,Fungi,Basidiomycota,Agaricomycetes,Agaricales,Agaricaceae,Leucoagaricus,Leucoagaricus leucothites
Lycoperdon marginatum,Fungi,Basidiomycota,Agaricomycetes,Agaricales,Agaricaceae,Lycoperdon,Lycoperdon marginatum
Lycoperdon molle,Fungi,Basidiomycota,Agaricomycetes,Agaricales,Lycoperdaceae,Lycoperdon,Lycoperdon molle
Lycoperdon perlatum,Fungi,Basidiomycota,Agaricomycetes,Agaricales,Lycoperdaceae,Lycoperdon,Lycoperdon perlatum
Lycoperdon pulcherrimum,Fungi,Basidiomycota,Agaricomycetes,Agaricales,Lycoperdaceae,Lycoperdon,
Lycoperdon pyriforme,Fungi,Basidiomycota,Agaricomycetes,Agaricales,Lycoperdaceae,Apioperdon,Apioperdon pyriforme
Lyophyllum decastes (fried-chicken),Fungi,Basidiomycota,Agaricomycetes,Agaricales,Lyophyllaceae,Lyophyllum,Lyophyllum decastes
Lyophyllum semitale,Fungi,Basidiomycota,Agaricomycetes,Agaricales,Lyophyllaceae,Lyophyllum,Lyophyllum semitale
Lysurus mokusin,Fungi,Basidiomycota,Agaricomycetes,Phallales,Phallaceae,Lysurus,Lysurus mokusin
Macrolepiota procera,Fungi,Basidiomycota,Agaricomycetes,Agaricales,Agaricaceae,Macrolepiota,Macrolepiota procera
Marasmiellus candidus,Fungi,Basidiomycota,Agaricomycetes,Agaricales,Omphalotaceae,Marasmiellus,Marasmiellus candidus
Marasmius oreades (fairy-ring),Fungi,Basidiomycota,Agaricomycetes,Agaricales,Marasmiaceae,Marasmius,Marasmius oreades
Marasmius rotula,Fungi,Basidiomycota,Agaricomycetes,Agaricales,Marasmiaceae,Marasmius,Marasmius rotula
Meripilus sumstinei,Fungi,Basidiomycota,Agaricomycetes,Polyporales,Meripilaceae,Meripilus,Meripilus sumstinei
Morchella americana,Fungi,Ascomycota,Pezizomycetes,Pezizales,Morchellaceae,Morchella,Morchella americana
Morchella esculenta,Fungi,Ascomycota,Pezizomycetes,Pezizales,Morchellaceae,Morchella,Morchella esculenta
Morchella eximia,Fungi,Ascomycota,Pezizomycetes,Pezizales,Morchellaceae,Morchella,Morchella eximia
Morchella exuberans,Fungi,Ascomycota,Pezizomycetes,Pezizales,Morchellaceae,Morchella,Morchella exuberans
Morchella populiphila,Fungi,Ascomycota,Pezizomycetes,Pezizales,Morchellaceae,Morchella,Morchella populiphila
Morchella punctipes,Fungi,Ascomycota,Pezizomycetes,Pezizales,Morchellaceae,Morchella,Morchella punctipes
Morchella septentrionalis,Fungi,Ascomycota,Pezizomycetes,Pezizales,Morchellaceae,Morchella,Morchella septentrionalis
Morchella snyderi,Fungi,Ascomycota,Pezizomycetes,Pezizales,Morchellaceae,Morchella,Morchella snyderi
Morchella tomentosa,Fungi,Ascomycota,Pezizomycetes,Pezizales,Morchellaceae,Morchella,Morchella tomentosa
Morchella tridentina,Fungi,Ascomycota,Pezizomycetes,Pezizales,Morchellaceae,Morchella,Morchella tridentina
Morganella subincarnata,Fungi,Basidiomycota,Agaricomycetes,Agaricales,Lycoperdaceae,Lycoperdon,Lycoperdon subincarnatum
Mutinus caninus,Fungi,Basidiomycota,Agaricomycetes,Phallales,Phallaceae,Mutinus,Mutinus caninus
Mutinus elegans,Fungi,Basidiomycota,Agaricomycetes,Phallales,Phallaceae,Mutinus,Mutinus elegans
Mycena galericulata,Fungi,Basidiomycota,Agaricomycetes,Agaricales,Mycenaceae,Mycena,Mycena galericulata
Mycena haematopus (bleeding fairy helmet),Fungi,Basidiomycota,Agaricomycetes,Agaricales,Mycenaceae,Mycena,Mycena haematopus
Mycena inclinata,Fungi,Basidiomycota,Agaricomycetes,Agaricales,Mycenaceae,Mycena,Mycena inclinata
Mycena leaiana (orange mycena),Fungi,Basidiomycota,Agaricomycetes,Agaricales,Mycenaceae,Mycena,Mycena leaiana
Mycena leptocephala,Fungi,Basidiomycota,Agaricomycetes,Agaricales,Mycenaceae,Mycena,Mycena leptocephala
Mycena overholtsii,Fungi,Basidiomycota,Agaricomycetes,Agaricales,Mycenaceae,Mycena,Mycena overholtsii
Mycena pura,Fungi,Basidiomycota,Agaricomycetes,Agaricales,Mycenaceae,Mycena,Mycena pura
Myriostoma coliforme,Fungi,Basidiomycota,Agaricomycetes,Geastrales,Geastraceae,Myriostoma,Myriostoma coliforme
Neolentinus ponderosus,Fungi,Basidiomycota,Agaricomycetes,Gloeophyllales,Gloeophyllaceae,Neolentinus,Neolentinus ponderosus
Omphalina ericetorum,Fungi,Basidiomycota,Agaricomycetes,Agaricales,Hygrophoraceae,Lichenomphalia,Lichenomphalia umbellifera
Omphalotus illudens,Fungi,Basidiomycota,Agaricomycetes,Agaricales,Omphalotaceae,Omphalotus,Omphalotus illudens
Omphalotus olivascens,Fungi,Basidiomycota,Agaricomycetes,Agaricales,Omphalotaceae,Omphalotus,Omphalotus olivascens
Panaeolina foenisecii,Fungi,Basidiomycota,Agaricomycetes,Agaricales,Bolbitiaceae,Panaeolina,Panaeolina foenisecii
Panaeolus cinctulus,Fungi,Basidiomycota,Agaricomycetes,Agaricales,Bolbitiaceae,Panaeolus,Panaeolus cinctulus
Panaeolus cyanescens,Fungi,Basidiomycota,Agaricomycetes,Agaricales,Bolbitiaceae,Panaeolus,Panaeolus cyanescens
Panaeolus olivaceus,Fungi,Basidiomycota,Agaricomycetes,Agaricales,Bolbitiaceae,Panaeolus,Panaeolus olivaceus
Panaeolus papilionaceus,Fungi,Basidiomycota,Agaricomycetes,Agaricales,Bolbitiaceae,Panaeolus,Panaeolus papilionaceus
Panellus serotinus (late fall oyster),Fungi,Basidiomycota,Agaricomycetes,Agaricales,Sarcomyxaceae,Sarcomyxa,Sarcomyxa serotina
Panellus stipticus,Fungi,Basidiomycota,Agaricomycetes,Agaricales,Mycenaceae,Panellus,Panellus stipticus
Paxillus involutus,Fungi,Basidiomycota,Agaricomycetes,Boletales,Paxillaceae,Paxillus,Paxillus involutus
Paxillus vernalis,Fungi,Basidiomycota,Agaricomycetes,Boletales,Paxillaceae,Paxillus,Paxillus vernalis
Peniophora incarnata,Fungi,Basidiomycota,Agaricomycetes,Russulales,Peniophoraceae,Peniophora,Peniophora incarnata
Peziza badia,Fungi,Ascomycota,Pezizomycetes,Pezizales,Pezizaceae,Legaliana,Legaliana badia
Peziza domiciliana,Fungi,Ascomycota,Pezizomycetes,Pezizales,Pezizaceae,Peziza,Peziza domiciliana
Peziza michelii,Fungi,Ascomycota,Pezizomycetes,Pezizales,Pezizaceae,Paragalactinia,Paragalactinia michelii
Peziza repanda,Fungi,Ascomycota,Pezizomycetes,Pezizales,Pezizaceae,Peziza,Peziza repanda
Peziza sclerotiorum,Fungi,Ascomycota,Leotiomycetes,Helotiales,Sclerotiniaceae,Sclerotinia,Sclerotinia sclerotiorum
Peziza varia,Fungi,Ascomycota,Pezizomycetes,Pezizales,Pezizaceae,Peziza,Peziza varia
Phaeocollybia attenuata,Fungi,Basidiomycota,Agaricomycetes,Agaricales,Hymenogastraceae,Phaeocollybia,Phaeocollybia attenuata
Phaeocollybia pluteoides,Fungi,Basidiomycota,Agaricomycetes,Agaricales,Hymenogastraceae,Phaeocollybia,
Phaeolus schweinitzii (dyer’s polypore),Fungi,Basidiomycota,Agaricomycetes,Polyporales,Laetiporaceae,Phaeolus,Phaeolus schweinitzii
Phallus duplicatus,Fungi,Basidiomycota,Agaricomycetes,Phallales,Phallaceae,Phallus,Phallus indusiatus
Phallus hadriani,Fungi,Basidiomycota,Agaricomycetes,Phallales,Phallaceae,Phallus,Phallus hadriani
Phallus ravenelii,Fungi,Basidiomycota,Agaricomycetes,Phallales,Phallaceae,Phallus,Phallus ravenelii
Phellinus gilvus,Fungi,Basidiomycota,Agaricomycetes,Hymenochaetales,Hymenochaetaceae,Phellinus,Phellinus gilvus
Phellinus igniarius,Fungi,Basidiomycota,Agaricomycetes,Hymenochaetales,Hymenochaetaceae,Phellinus,Phellinus igniarius
Phellinus robiniae,Fungi,Basidiomycota,Agaricomycetes,Hymenochaetales,Hymenochaetaceae,Phellinus,Phellinus robiniae
Phellodon atratus,Fungi,Basidiomycota,Agaricomycetes,Thelephorales,Thelephoraceae,Phellodon,Phellodon atratus
Phellodon melaleucus,Fungi,Basidiomycota,Agaricomycetes,Thelephorales,Thelephoraceae,Phellodon,Phellodon melaleucus
Phellodon niger,Fungi,Basidiomycota,Agaricomycetes,Thelephorales,Thelephoraceae,Phellodon,Phellodon niger
Phellodon perangustus,Fungi,Basidiomycota,Agaricomycetes,Thelephorales,Thelephoraceae,Phellodon,
Phellodon tomentosus,Fungi,Basidiomycota,Agaricomycetes,Thelephorales,Thelephoraceae,Phellodon,Phellodon tomentosus
Phlebia tremellosa,Fungi,Basidiomycota,Agaricomycetes,Polyporales,Meruliaceae,Phlebia,Phlebia tremellosa
Pholiota adiposa,Fungi,Basidiomycota,Agaricomycetes,Agaricales,Strophariaceae,Pholiota,Pholiota adiposa
Pholiota aurivella,Fungi,Basidiomycota,Agaricomycetes,Agaricales,Strophariaceae,Pholiota,Pholiota aurivella
Pholiota limonella,Fungi,Basidiomycota,Agaricomycetes,Agaricales,Strophariaceae,Pholiota,Pholiota limonella
Pholiota squarrosa,Fungi,Basidiomycota,Agaricomycetes,Agaricales,Strophariaceae,Pholiota,Pholiota squarrosa
Pholiota squarrosoides,Fungi,Basidiomycota,Agaricomycetes,Agaricales,Strophariaceae,Pholiota,Pholiota squarrosoides
Phylloporus arenicola,Fungi,Basidiomycota,Agaricomycetes,Boletales,Boletaceae,Phylloporus,Phylloporus arenicola
Phylloporus leucomyces,Fungi,Basidiomycota,Agaricomycetes,Boletales,Boletaceae,Phylloporus,
Phylloporus rhodoxanthus,Fungi,Basidiomycota,Agaricomycetes,Boletales,Boletaceae,Phylloporus,Phylloporus rhodoxanthus
Phyllotopsis nidulans,Fungi,Basidiomycota,Agaricomycetes,Agaricales,Phyllotopsidaceae,Phyllotopsis,Phyllotopsis nidulans
Pisolithus arhizus (dyer’s puffball),Fungi,Basidiomycota,Agaricomycetes,Boletales,Sclerodermataceae,Pisolithus,Pisolithus arhizus
Pisolithus tinctorius,Fungi,Basidiomycota,Agaricomycetes,Boletales,Sclerodermataceae,Pisolithus,Pisolithus tinctorius
Pleurotus djamor,Fungi,Basidiomycota,Agaricomycetes,Agaricales,Pleurotaceae,Pleurotus,Pleurotus djamor
Pleurotus dryinus,Fungi,Basidiomycota,Agaricomycetes,Agaricales,Pleurotaceae,Pleurotus,Pleurotus dryinus
Pleurotus ostreatus,Fungi,Basidiomycota,Agaricomycetes,Agaricales,Pleurotaceae,Pleurotus,Pleurotus ostreatus
Pleurotus populinus,Fungi,Basidiomycota,Agaricomycetes,Agaricales,Pleurotaceae,Pleurotus,Pleurotus populinus
Pluteus aurantiorugosus,Fungi,Basidiomycota,Agaricomycetes,Agaricales,Pluteaceae,Pluteus,Pluteus aurantiorugosus
Pluteus cervinus,Fungi,Basidiomycota,Agaricomycetes,Agaricales,Pluteaceae,Pluteus,Pluteus cervinus
Pluteus petasatus,Fungi,Basidiomycota,Agaricomycetes,Agaricales,Pluteaceae,Pluteus,Pluteus petasatus
Polyozellus multiplex (blue chanterelle),Fungi,Basidiomycota,Agaricomycetes,Thelephorales,Thelephoraceae,Polyozellus,Polyozellus multiplex
Polyporus arcularius,Fungi,Basidiomycota,Agaricomycetes,Polyporales,Polyporaceae,Lentinus,Lentinus arcularius
Polyporus brumalis,Fungi,Basidiomycota,Agaricomycetes,Polyporales,Polyporaceae,Polyporus,Polyporus brumalis
Polyporus squamosus,Fungi,Basidiomycota,Agaricomycetes,Polyporales,Polyporaceae,Polyporus,Polyporus squamosus
Porodaedalea pini,Fungi,Basidiomycota,Agaricomycetes,Hymenochaetales,Hymenochaetaceae,Porodaedalea,Porodaedalea pini
Psathyrella candolleana,Fungi,Basidiomycota,Agaricomycetes,Agaricales,Psathyrellaceae,Candolleomyces,Candolleomyces candolleanus
Psathyrella multipedata,Fungi,Basidiomycota,Agaricomycetes,Agaricales,Psathyrellaceae,Britzelmayria,Britzelmayria multipedata
Pseudocolus fusiformis,Fungi,Basidiomycota,Agaricomycetes,Phallales,Phallaceae,Pseudocolus,Pseudocolus fusiformis
Pseudohydnum gelatinosum,Fungi,Basidiomycota,Agaricomycetes,Auriculariales,,Pseudohydnum,Pseudohydnum gelatinosum
Pseudoomphalina kalchbrenneri,Fungi,Basidiomycota,Agaricomycetes,Agaricales,Tricholomataceae,Pseudoomphalina,Pseudoomphalina kalchbrenneri
Pseudotrametes gibbosa,Fungi,Basidiomycota,Agaricomycetes,Polyporales,Polyporaceae,Trametes,Trametes gibbosa
Psilocybe allenii,Fungi,Basidiomycota,Agaricomycetes,Agaricales,Hymenogastraceae,Psilocybe,Psilocybe allenii
Psilocybe azurescens,Fungi,Basidiomycota,Agaricomycetes,Agaricales,Hymenogastraceae,Psilocybe,Psilocybe azurescens
Psilocybe caerulescens,Fungi,Basidiomycota,Agaricomycetes,Agaricales,Hymenogastraceae,Psilocybe,Psilocybe caerulescens
Psilocybe caerulipes,Fungi,Basidiomycota,Agaricomycetes,Agaricales,Hymenogastraceae,Psilocybe,Psilocybe caerulipes
Psilocybe cubensis,Fungi,Basidiomycota,Agaricomycetes,Agaricales,Hymenogastraceae,Psilocybe,Psilocybe cubensis
Psilocybe cyanescens,Fungi,Basidiomycota,Agaricomycetes,Agaricales,Hymenogastraceae,Psilocybe,Psilocybe cyanescens
Psilocybe ovoideocystidiata,Fungi,Basidiomycota,Agaricomycetes,Agaricales,Hymenogastraceae,Psilocybe,Psilocybe ovoideocystidiata
Psilocybe semilanceata,Fungi,Basidiomycota,Agaricomycetes,Agaricales,Hymenogastraceae,Psilocybe,Psilocybe semilanceata
Psilocybe stuntzii,Fungi,Basidiomycota,Agaricomycetes,Agaricales,Hymenogastraceae,Psilocybe,Psilocybe stuntzii
Ramaria botrytis,Fungi,Basidiomycota,Agaricomycetes,Gomphales,Gomphaceae,Ramaria,Ramaria botrytis
Ramaria flava,Fungi,Basidiomycota,Agaricomycetes,Gomphales,Gomphaceae,Ramaria,Ramaria flava
Ramaria formosa,Fungi,Basidiomycota,Agaricomycetes,Gomphales,Gomphaceae,Ramaria,Ramaria formosa
Ramaria gelatina,Fungi,Basidiomycota,Agaricomycetes,Agaricales,Clavariaceae,Clavaria,Clavaria gelatinosa
Ramaria largentii,Fungi,Basidiomycota,Agaricomycetes,Gomphales,Gomphaceae,Ramaria,Ramaria largentii
Ramaria rubiginosa,Fungi,Basidiomycota,Agaricomycetes,Gomphales,Gomphaceae,Ramaria,Ramaria rubiginosa
Ramaria stricta,Fungi,Basidiomycota,Agaricomycetes,Gomphales,Gomphaceae,Ramaria,Ramaria stricta
Ramariopsis kunzei,Fungi,Basidiomycota,Agaricomycetes,Agaricales,Clavariaceae,Ramariopsis,Ramariopsis kunzei
Retiboletus ornatipes,Fungi,Basidiomycota,Agaricomycetes,Boletales,Boletaceae,Retiboletus,Retiboletus ornatipes
Rhizopogon occidentalis,Fungi,Basidiomycota,Agaricomycetes,Boletales,Rhizopogonaceae,Rhizopogon,Rhizopogon occidentalis
Rhizopogon roseolus,Fungi,Basidiomycota,Agaricomycetes,Boletales,Rhizopogonaceae,Rhizopogon,Rhizopogon roseolus
Rhodocollybia badiialba,Fungi,Basidiomycota,Agaricomycetes,Agaricales,Omphalotaceae,Rhodocollybia,Rhodocollybia badiialba
Rhodocollybia butyracea,Fungi,Basidiomycota,Agaricomycetes,Agaricales,Omphalotaceae,Rhodocollybia,Rhodocollybia butyracea
Rhodocollybia maculata,Fungi,Basidiomycota,Agaricomycetes,Agaricales,Omphalotaceae,Rhodocollybia,Rhodocollybia maculata
Rhodotus palmatus (wrinkled peach),Fungi,Basidiomycota,Agaricomycetes,Agaricales,Physalacriaceae,Rhodotus,Rhodotus palmatus
Rubroboletus eastwoodiae,Fungi,Basidiomycota,Agaricomycetes,Boletales,Boletaceae,Rubroboletus,Rubroboletus eastwoodiae
Rubroboletus pulcherrimus,Fungi,Basidiomycota,Agaricomycetes,Boletales,Boletaceae,Rubroboletus,Rubroboletus pulcherrimus
Rubroboletus satanas,Fungi,Basidiomycota,Agaricomycetes,Boletales,Boletaceae,Rubroboletus,Rubroboletus satanas
Rubroboletus subluridellus,Fungi,Basidiomycota,Agaricomycetes,Boletales,Boletaceae,Rubroboletus,
Russula aeruginea,Fungi,Basidiomycota,Agaricomycetes,Russulales,Russulaceae,Russula,Russula aeruginea
Russula brevipes,Fungi,Basidiomycota,Agaricomycetes,Russulales,Russulaceae,Russula,Russula brevipes
Russula claroflava,Fungi,Basidiomycota,Agaricomycetes,Russulales,Russulaceae,Russula,Russula claroflava
Russula compacta,Fungi,Basidiomycota,Agaricomycetes,Russulales,Russulaceae,Russula,Russula compacta
Russula cyanoxantha,Fungi,Basidiomycota,Agaricomycetes,Russulales,Russulaceae,Russula,Russula cyanoxantha
Russula densifolia,Fungi,Basidiomycota,Agaricomycetes,Russulales,Russulaceae,Russula,Russula densifolia
Russula emetica,Fungi,Basidiomycota,Agaricomycetes,Russulales,Russulaceae,Russula,Russula emetica
Russula foetens,Fungi,Basidiomycota,Agaricomycetes,Russulales,Russulaceae,Russula,Russula foetens
Russula nigricans,Fungi,Basidiomycota,Agaricomycetes,Russulales,Russulaceae,Russula,Russula adusta
Russula ochroleuca,Fungi,Basidiomycota,Agaricomycetes,Russulales,Russulaceae,Russula,Russula ochroleuca
Russula parvovirescens,Fungi,Basidiomycota,Agaricomycetes,Russulales,Russulaceae,Russula,Russula parvovirescens
Russula pulchra,Fungi,Basidiomycota,Agaricomycetes,Russulales,Russulaceae,Russula,Russula pulchra
Russula turci,Fungi,Basidiomycota,Agaricomycetes,Russulales,Russulaceae,Russula,Russula turci
Russula virescens,Fungi,Basidiomycota,Agaricomycetes,Russulales,Russulaceae,Russula,Russula virescens
Russula xerampelina,Fungi,Basidiomycota,Agaricomycetes,Russulales,Russulaceae,Russula,Russula xerampelina
Sarcodon fuligineoviolaceus,Fungi,Basidiomycota,Agaricomycetes,Thelephorales,Bankeraceae,Hydnellum,Hydnellum fuligineoviolaceum
Sarcodon imbricatus,Fungi,Basidiomycota,Agaricomycetes,Thelephorales,Bankeraceae,Sarcodon,Sarcodon imbricatus
Sarcodon scabrosus,Fungi,Basidiomycota,Agaricomycetes,Thelephorales,Bankeraceae,Hydnellum,Hydnellum scabrosum
Sarcodon squamosus,Fungi,Basidiomycota,Agaricomycetes,Thelephorales,Bankeraceae,Sarcodon,Sarcodon squamosus
Sarcoscypha coccinea,Fungi,Ascomycota,Pezizomycetes,Pezizales,Sarcoscyphaceae,Sarcoscypha,Sarcoscypha coccinea
Sarcoscypha dudleyi,Fungi,Ascomycota,Pezizomycetes,Pezizales,Sarcoscyphaceae,Sarcoscypha,Sarcoscypha dudleyi
Sarcoscypha occidentalis,Fungi,Ascomycota,Pezizomycetes,Pezizales,Sarcoscyphaceae,Sarcoscypha,Sarcoscypha occidentalis
Sarcosoma globosum,Fungi,Ascomycota,Pezizomycetes,Pezizales,Sarcosomataceae,Sarcosoma,Sarcosoma globosum
Sarcosphaera coronaria,Fungi,Ascomycota,Pezizomycetes,Pezizales,Pezizaceae,Sarcosphaera,Sarcosphaera coronaria
Schizophyllum commune,Fungi,Basidiomycota,Agaricomycetes,Agaricales,Schizophyllaceae,Schizophyllum,Schizophyllum commune
Scleroderma cepa,Fungi,Basidiomycota,Agaricomycetes,Boletales,Sclerodermataceae,Scleroderma,Scleroderma cepa
Scleroderma citrinum,Fungi,Basidiomycota,Agaricomycetes,Boletales,Sclerodermataceae,Scleroderma,Scleroderma citrinum
Scleroderma polyrhizum,Fungi,Basidiomycota,Agaricomycetes,Boletales,Sclerodermataceae,Scleroderma,Scleroderma polyrhizum
Scutiger pes-caprae (= Albatrellus pes-caprae),Fungi,Basidiomycota,Agaricomycetes,Russulales,Albatrellaceae,Scutiger,Scutiger pes-caprae
Sistotrema confluens,Fungi,Basidiomycota,Agaricomycetes,Cantharellales,Hydnaceae,Sistotrema,Sistotrema confluens
Sowerbyella rhenana,Fungi,Ascomycota,Pezizomycetes,Pezizales,Pyronemataceae,Sowerbyella,Sowerbyella rhenana
Sparassis crispa,Fungi,Basidiomycota,Agaricomycetes,Polyporales,Sparassidaceae,Sparassis,Sparassis crispa
Sparassis radicata,Fungi,Basidiomycota,Agaricomycetes,Polyporales,Sparassidaceae,Sparassis,Sparassis radicata
Stereum complicatum,Fungi,Basidiomycota,Agaricomycetes,Russulales,Stereaceae,Stereum,Stereum complicatum
Stereum gausapatum,Fungi,Basidiomycota,Agaricomycetes,Russulales,Stereaceae,Stereum,Stereum gausapatum
Stereum hirsutum,Fungi,Basidiomycota,Agaricomycetes,Russulales,Stereaceae,Stereum,Stereum hirsutum
Stereum ostrea (false turkey tail),Fungi,Basidiomycota,Agaricomycetes,Russulales,Stereaceae,Stereum,Stereum ostrea
Strobilomyces confusus,Fungi,Basidiomycota,Agaricomycetes,Boletales,Boletaceae,Strobilomyces,Strobilomyces confusus
Strobilomyces floccopus (old-man-of-the-woods),Fungi,Basidiomycota,Agaricomycetes,Boletales,Boletaceae,Strobilomyces,Strobilomyces strobilaceus
Suillellus luridiformis,Fungi,Basidiomycota,Agaricomycetes,Boletales,Boletaceae,Suillellus,
Suillellus luridus,Fungi,Basidiomycota,Agaricomycetes,Boletales,Boletaceae,Suillellus,Suillellus luridus
Suillus americanus,Fungi,Basidiomycota,Agaricomycetes,Boletales,Suillaceae,Suillus,Suillus americanus
Suillus brevipes,Fungi,Basidiomycota,Agaricomycetes,Boletales,Suillaceae,Suillus,Suillus brevipes
Suillus caerulescens,Fungi,Basidiomycota,Agaricomycetes,Boletales,Suillaceae,Suillus,Suillus caerulescens
Suillus cavipes,Fungi,Basidiomycota,Agaricomycetes,Boletales,Suillaceae,Suillus,Suillus cavipes
Suillus clintonianus,Fungi,Basidiomycota,Agaricomycetes,Boletales,Suillaceae,Suillus,Suillus grevillei
Suillus granulatus,Fungi,Basidiomycota,Agaricomycetes,Boletales,Suillaceae,Suillus,Suillus granulatus
Suillus lakei,Fungi,Basidiomycota,Agaricomycetes,Boletales,Suillaceae,Suillus,Suillus lakei
Suillus luteus,Fungi,Basidiomycota,Agaricomycetes,Boletales,Suillaceae,Suillus,Suillus luteus
Suillus ochraceoroseus,Fungi,Basidiomycota,Agaricomycetes,Boletales,Suillaceae,Suillus,Suillus ochraceoroseus
Suillus paluster,Fungi,Basidiomycota,Agaricomycetes,Boletales,Boletaceae,Boletus,Boletus paluster
Suillus pictus,Fungi,Basidiomycota,Agaricomycetes,Boletales,Suillaceae,Suillus,Suillus pictus
Suillus placidus,Fungi,Basidiomycota,Agaricomycetes,Boletales,Suillaceae,Suillus,Suillus placidus
Suillus pseudobrevipes,Fungi,Basidiomycota,Agaricomycetes,Boletales,Suillaceae,Suillus,Suillus pseudobrevipes
Suillus pungens,Fungi,Basidiomycota,Agaricomycetes,Boletales,Suillaceae,Suillus,Suillus pungens
Suillus quiescens,Fungi,Basidiomycota,Agaricomycetes,Boletales,Suillaceae,Suillus,Suillus quiescens
Suillus sibiricus,Fungi,Basidiomycota,Agaricomycetes,Boletales,Suillaceae,Suillus,Suillus americanus
Suillus spraguei,Fungi,Basidiomycota,Agaricomycetes,Boletales,Suillaceae,Suillus,Suillus spraguei
Suillus tomentosus,Fungi,Basidiomycota,Agaricomycetes,Boletales,Suillaceae,Suillus,Suillus tomentosus
Suillus weaverae,Fungi,Basidiomycota,Agaricomycetes,Boletales,Suillaceae,Fuscoboletinus,Fuscoboletinus weaverae
Tolypocladium ophioglossoides,Fungi,Ascomycota,Sordariomycetes,Hypocreales,Ophiocordycipitaceae,Tolypocladium,Tolypocladium ophioglossoides
Trametes gibbosa,Fungi,Basidiomycota,Agaricomycetes,Polyporales,Polyporaceae,Trametes,Trametes gibbosa
Trametes hirsuta,Fungi,Basidiomycota,Agaricomycetes,Polyporales,Polyporaceae,Trametes,Trametes hirsuta
Trametes ochracea,Fungi,Basidiomycota,Agaricomycetes,Polyporales,Polyporaceae,Trametes,Trametes ochracea
Trametes pubescens,Fungi,Basidiomycota,Agaricomycetes,Polyporales,Polyporaceae,Trametes,Trametes pubescens
Trametes versicolor,Fungi,Basidiomycota,Agaricomycetes,Polyporales,Polyporaceae,Trametes,Trametes versicolor
Tremella aurantia (witch’s butter look-alike),Fungi,Basidiomycota,Tremellomycetes,Tremellales,Tremellaceae,Tremella,Tremella aurantia
Tremella foliacea,Fungi,Basidiomycota,Tremellomycetes,Tremellales,Tremellaceae,Phaeotremella,Phaeotremella foliacea
Tremella mesenterica,Fungi,Basidiomycota,Tremellomycetes,Tremellales,Tremellaceae,Tremella,Tremella mesenterica
Tremella reticulata,Fungi,Basidiomycota,Agaricomycetes,Sebacinales,Sebacinaceae,Sebacina,Sebacina sparassoidea
Tremellodendron pallidum,Fungi,Basidiomycota,Agaricomycetes,Sebacinales,Sebacinaceae,Sebacina,Sebacina schweinitzii
Trichaptum biforme (violet-toothed polypore),Fungi,Basidiomycota,Agaricomycetes,Hymenochaetales,,Trichaptum,Trichaptum biforme
Trichoglossum hirsutum,Fungi,Ascomycota,Geoglossomycetes,Geoglossales,Geoglossaceae,Trichoglossum,Trichoglossum hirsutum
Tricholoma equestre,Fungi,Basidiomycota,Agaricomycetes,Agaricales,Tricholomataceae,Tricholoma,Tricholoma equestre
Tricholoma focale,Fungi,Basidiomycota,Agaricomycetes,Agaricales,Tricholomataceae,Tricholoma,Tricholoma focale
Tricholoma fulvum,Fungi,Basidiomycota,Agaricomycetes,Agaricales,Tricholomataceae,Tricholoma,Tricholoma fulvum
Tricholoma magnivelare,Fungi,Basidiomycota,Agaricomycetes,Agaricales,Tricholomataceae,Tricholoma,Tricholoma magnivelare
Tricholoma murrillianum,Fungi,Basidiomycota,Agaricomycetes,Agaricales,Tricholomataceae,Tricholoma,Tricholoma murrillianum
Tricholoma nigrum,Fungi,Basidiomycota,Agaricomycetes,Agaricales,Tricholomataceae,Tricholoma,Tricholoma nigrum
Tricholoma portentosum,Fungi,Basidiomycota,Agaricomycetes,Agaricales,Tricholomataceae,Tricholoma,Tricholoma portentosum
Tricholoma sejunctum,Fungi,Basidiomycota,Agaricomycetes,Agaricales,Tricholomataceae,Tricholoma,Tricholoma sejunctum
Tricholoma sulphureum,Fungi,Basidiomycota,Agaricomycetes,Agaricales,Tricholomataceae,Tricholoma,Tricholoma sulphureum
Tricholoma terreum,Fungi,Basidiomycota,Agaricomycetes,Agaricales,Tricholomataceae,Tricholoma,Tricholoma terreum
Tricholoma vaccinum,Fungi,Basidiomycota,Agaricomycetes,Agaricales,Tricholomataceae,Tricholoma,Tricholoma vaccinum
Tricholomopsis rutilans (plums-and-custard),Fungi,Basidiomycota,Agaricomycetes,Agaricales,Tricholomataceae,Tricholomopsis,Tricholomopsis rutilans
Tuber lyonii,Fungi,Ascomycota,Pezizomycetes,Pezizales,Tuberaceae,Tuber,Tuber lyonii
Tulostoma mammosum,Fungi,Basidiomycota,Agaricomycetes,Agaricales,Agaricaceae,Tulostoma,Tulostoma brumale
Turbinellus floccosus,Fungi,Basidiomycota,Agaricomycetes,Gomphales,Gomphaceae,Turbinellus,Turbinellus floccosus
Turbinellus kauffmanii,Fungi,Basidiomycota,Agaricomycetes,Gomphales,Gomphaceae,Turbinellus,Turbinellus kauffmanii
Tylopilus alboater,Fungi,Basidiomycota,Agaricomycetes,Boletales,Boletaceae,Tylopilus,Tylopilus alboater
Tylopilus badiceps,Fungi,Basidiomycota,Agaricomycetes,Boletales,Boletaceae,Tylopilus,Tylopilus badiceps
Tylopilus felleus,Fungi,Basidiomycota,Agaricomycetes,Boletales,Boletaceae,Tylopilus,Tylopilus felleus
Tylopilus plumbeoviolaceus,Fungi,Basidiomycota,Agaricomycetes,Boletales,Boletaceae,Tylopilus,Tylopilus plumbeoviolaceus
Tyromyces chioneus,Fungi,Basidiomycota,Agaricomycetes,Polyporales,Incrustoporiaceae,Tyromyces,Tyromyces chioneus
Tyromyces fissilis,Fungi,Basidiomycota,Agaricomycetes,Polyporales,Meruliaceae,Pappia,Pappia fissilis
Tyromyces subcaesius,Fungi,Basidiomycota,Agaricomycetes,Polyporales,Polyporaceae,Cyanosporus,Cyanosporus subcaesius
Vascellum curtisii,Fungi,Basidiomycota,Agaricomycetes,Agaricales,Lycoperdaceae,Lycoperdon,Lycoperdon curtisii
Verpa bohemica,Fungi,Ascomycota,Pezizomycetes,Pezizales,Morchellaceae,Verpa,Verpa bohemica
Volvariella bombycina,Fungi,Basidiomycota,Agaricomycetes,Agaricales,Pluteaceae,Volvariella,Volvariella bombycina
Volvariella volvacea,Fungi,Basidiomycota,Agaricomycetes,Agaricales,Pluteaceae,Volvariella,Volvariella volvacea
Volvopluteus gloiocephalus,Fungi,Basidiomycota,Agaricomycetes,Agaricales,Pluteaceae,Volvopluteus,Volvopluteus gloiocephalus
Xanthoconium separans,Fungi,Basidiomycota,Agaricomycetes,Boletales,Boletaceae,Xanthoconium,Xanthoconium separans
Xerocomellus chrysenteron,Fungi,Basidiomycota,Agaricomycetes,Boletales,Boletaceae,Xerocomellus,Xerocomellus chrysenteron
Xerocomellus dryophilus,Fungi,Basidiomycota,Agaricomycetes,Boletales,Boletaceae,Xerocomellus,Xerocomellus dryophilus
Xerocomellus zelleri,Fungi,Basidiomycota,Agaricomycetes,Boletales,Boletaceae,Xerocomellus,Xerocomellus zelleri
Xerocomus illudens,Fungi,Basidiomycota,Agaricomycetes,Boletales,Boletaceae,Xerocomus,Xerocomus illudens
Xeromphalina campanella,Fungi,Basidiomycota,Agaricomycetes,Agaricales,Mycenaceae,Xeromphalina,Xeromphalina campanella
Xylaria longipes,Fungi,Ascomycota,Sordariomycetes,Xylariales,Xylariaceae,Xylaria,Xylaria longipes
Xylaria polymorpha,Fungi,Ascomycota,Sordariomycetes,Xylariales,Xylariaceae,Xylaria,Xylaria polymorpha
